{
  "properties": {
    "connectionReferences": {
      "shared_sharepointonline-1": {
        "runtimeSource": "invoker",
        "connection": {
          "connectionReferenceLogicalName": "devheck_sharedsharepointonline_d1e8e"
        },
        "api": {
          "name": "shared_sharepointonline"
        }
      },
      "shared_onedriveforbusiness": {
        "runtimeSource": "invoker",
        "connection": {
          "connectionReferenceLogicalName": "devheck_sharedonedriveforbusiness_fbdf7"
        },
        "api": {
          "name": "shared_onedriveforbusiness"
        }
      },
      "shared_gmail": {
        "runtimeSource": "invoker",
        "connection": {
          "connectionReferenceLogicalName": "devheck_sharedgmail_19219"
        },
        "api": {
          "name": "shared_gmail"
        }
      }
    },
    "definition": {
      "$schema": "https://schema.management.azure.com/providers/Microsoft.Logic/schemas/2016-06-01/workflowdefinition.json#",
      "contentVersion": "undefined",
      "parameters": {
        "$authentication": {
          "defaultValue": {},
          "type": "SecureObject"
        },
        "$connections": {
          "defaultValue": {},
          "type": "Object"
        }
      },
      "triggers": {
        "manual": {
          "type": "Request",
          "kind": "PowerAppV2",
          "inputs": {
            "schema": {
              "type": "object",
              "properties": {
                "text": {
                  "description": "Please enter your input",
                  "title": "Input",
                  "type": "string",
                  "x-ms-content-hint": "TEXT",
                  "x-ms-dynamically-added": true
                }
              },
              "required": [
                "text"
              ]
            }
          }
        }
      },
      "actions": {
        "Compose": {
          "runAfter": {},
          "type": "Compose",
          "inputs": "@triggerBody()?['text']"
        },
        "Create_file": {
          "runAfter": {
            "Compose": [
              "Succeeded"
            ]
          },
          "type": "OpenApiConnection",
          "inputs": {
            "parameters": {
              "dataset": "https://learnwithpowerup.sharepoint.com/sites/AlmasAutomationTest",
              "folderPath": "/Demo Library",
              "name": "demohtml.html",
              "body": "@outputs('Compose')"
            },
            "host": {
              "apiId": "/providers/Microsoft.PowerApps/apis/shared_sharepointonline",
              "connectionName": "shared_sharepointonline-1",
              "operationId": "CreateFile"
            },
            "authentication": {
              "value": "@json(decodeBase64(triggerOutputs().headers['X-MS-APIM-Tokens']))['$ConnectionKey']",
              "type": "Raw"
            }
          },
          "runtimeConfiguration": {
            "contentTransfer": {
              "transferMode": "Chunked"
            }
          }
        },
        "Create_file_1": {
          "runAfter": {
            "Create_file": [
              "Succeeded"
            ]
          },
          "type": "OpenApiConnection",
          "inputs": {
            "parameters": {
              "folderPath": "/",
              "name": "@outputs('Create_file')?['body/Id']",
              "body": "@outputs('Compose')"
            },
            "host": {
              "apiId": "/providers/Microsoft.PowerApps/apis/shared_onedriveforbusiness",
              "connectionName": "shared_onedriveforbusiness",
              "operationId": "CreateFile"
            },
            "authentication": {
              "value": "@json(decodeBase64(triggerOutputs().headers['X-MS-APIM-Tokens']))['$ConnectionKey']",
              "type": "Raw"
            }
          },
          "runtimeConfiguration": {
            "contentTransfer": {
              "transferMode": "Chunked"
            }
          }
        },
        "Convert_file": {
          "runAfter": {
            "Create_file_1": [
              "Succeeded"
            ]
          },
          "type": "OpenApiConnection",
          "inputs": {
            "parameters": {
              "id": "@outputs('Create_file_1')?['body/Id']",
              "type": "PDF"
            },
            "host": {
              "apiId": "/providers/Microsoft.PowerApps/apis/shared_onedriveforbusiness",
              "connectionName": "shared_onedriveforbusiness",
              "operationId": "ConvertFile"
            },
            "authentication": {
              "value": "@json(decodeBase64(triggerOutputs().headers['X-MS-APIM-Tokens']))['$ConnectionKey']",
              "type": "Raw"
            }
          }
        },
        "Send_email_(V2)": {
          "runAfter": {
            "Convert_file": [
              "Succeeded"
            ]
          },
          "type": "OpenApiConnection",
          "inputs": {
            "parameters": {
              "emailMessage/To": "almasmahfooz@gmail.com",
              "emailMessage/Subject": "MCQs",
              "emailMessage/Body": "<p class=\"editor-paragraph\">Print this MCQs</p>",
              "emailMessage/Attachments": [
                {
                  "Name": "@outputs('Convert_file')?['headers/x-ms-file-name']",
                  "ContentBytes": "@body('Convert_file')"
                }
              ]
            },
            "host": {
              "apiId": "/providers/Microsoft.PowerApps/apis/shared_gmail",
              "connectionName": "shared_gmail",
              "operationId": "SendEmailV2"
            },
            "authentication": {
              "value": "@json(decodeBase64(triggerOutputs().headers['X-MS-APIM-Tokens']))['$ConnectionKey']",
              "type": "Raw"
            }
          }
        }
      }
    },
    "templateName": null
  },
  "schemaVersion": "1.0.0.0"
}